raw_td_error	expected_clipped_td_error	abs_td_error	strictly_inside_clip_region	at_clip_threshold
-2	-1	2	0	0
-1.0009999999999999	-1	1.0009999999999999	0	0
-1	-1	1	0	1
-0.999	-0.999	0.999	1	0
-0.5	-0.5	0.5	1	0
0	0	0	1	0
0.5	0.5	0.5	1	0
0.999	0.999	0.999	1	0
1	1	1	0	1
1.0009999999999999	1	1.0009999999999999	0	0
2	1	2	0	0
